Key,Value
0,paradise-eart-amp-sea.fr.html
1,grand-t1-vieux-port-salle-de-sport-amp-rooftop.fr.html
2,les-jardins-du-ga-c-na-c-ral.fr.html
3,easyhotel-marseille.fr.html
4,montgrand.fr.html
5,hermes.fr.html
6,nhow-marseille.fr.html
7,citea-marseille-prado-perier.fr.html
8,staycity-aparthotels-centre-vieux-port.fr.html
9,residence-kley-marseille-republique.fr.html
10,alize.fr.html
11,le-mistral-marseille.fr.html
12,l-39-orangeraie-et-la-palmeraie-d-39-endoume.fr.html
13,maison-vue-mer-marseille.fr.html
14,hotelkyrivieuxmarseille.fr.html
15,mouchki-marseille1.fr.html
16,marseille-castellane.fr.html
17,appartement-vieux-port-de-marseille-davso-marseille.fr.html
18,goldentulipvillamassalia.fr.html
19,le-cocon-de-louise.fr.html
20,coup-de-coeur-vieux-port-republique.fr.html
21,bord-de-mer-charmant-studio-entierement-equipe.fr.html
22,superbe-t2-4-etoiles-climatise-faviere-refait-a-neuf.fr.html
23,select-sohome-t2-proche-de-la-station-balneaire-de-la-faviere-azur-17.fr.html
24,bormes-les-mimosas-appart-25m2-avec-balcon-4p.fr.html
25,bormes-le-loft.fr.html
26,studio-alize.fr.html
27,the-little-house-bormes-les-mimosas.fr.html
28,select-sohome-t2-entierement-renove-a-quelques-pas-de-la-plage-pos07.fr.html
29,select-joli-appartement-avec-jardin-privatif-et-parking-capnat-f08.fr.html
30,appartement-pieds-dans-l-eau-vue-mer-bormes-les-mimosas.fr.html
31,les-terrasses-de-lo.fr.html
32,boulevard-du-soleil.fr.html
33,the-social-hub-toulouse.fr.html
34,odalys-city-centre-compans-caffarelli.fr.html
35,crowne-plaza-toulouse-toulouse.fr.html
36,montempo-apparthotel-toulouse-cite-internationale.fr.html
37,le-peri-douillet-appartement-en-hypercentre.fr.html
38,residence-concorde.fr.html
39,des-beaux-arts.fr.html
40,ours-blanc-wilson.fr.html
41,victor-hugo.fr.html
42,eklo-toulouse.fr.html
43,la-romance-apartment-the-heart-of-toulouse.fr.html
44,le-nid-de-la-pomme.fr.html
45,bara-superbe-t2-avec-balcon-a-patte-d-oie.fr.html
46,le-toulousain-202-appartement-cosy-en-hypercentre-quartier-jeanne-d-arc.fr.html
47,la-recampado-bormes-les-mimosas.fr.html
48,select-sohome-superbe-appartement-pour-4-personnes-a-deux-pas-de-la-plage-et-des.fr.html
49,studio-3-pers-coeur-de-village-bormes-les-mimosas.fr.html
50,studio-cosy-climatise-place-de-parking-a-la-faviere.fr.html
51,lovely-place-for-2.fr.html
52,studio-ideal-sejour-en-amoureux-rez-de-jardin-proche-plage.fr.html
53,select-t2-avec-vue-piscine-et-parking-prive-capnat-b08.fr.html
54,le-studio-tahiti-4-pers-200m-de-la-plage.fr.html
55,voir-les-photos-presentationemplacementcommentairesl-39-hote-2-pieces-35m2-borme.fr.html
56,la-lavandiere-bormes-les-mimosas.fr.html
57,les-embruns-bormes-les-mimosas.fr.html
58,face-mer-entre-plage-et-marina.fr.html
59,student-factory-toulouse-zenith.fr.html
60,le-toulousain-102-appartement-cosy-en-hypercentre-quartier-jeanne-d-arc.fr.html
61,t2-cosy-toulouse-hypercentre-metro-jaures-parking-toulouse.fr.html
62,groovy-by-yume.fr.html
63,le-toulousain-001-appartement-calme-en-rez-de-chaussee-avec-terrasse-hypercentre.fr.html
64,nid-calme-en-hypercentre-proche-metro-amp-gare.fr.html
65,les-appartements-de-babel-republique-marseille.fr.html
66,mama-shelter-marseille.fr.html
67,adira-marseille-panier.fr.html
68,amarrage-marseille.fr.html
69,t2-de-charme-a-rochebonne.fr.html
70,de-l-europe-appartements.fr.html
71,calm-and-cosy-saint-malo.fr.html
72,appartement-chaleureux-saint-malo-centre.fr.html
73,centre-saint-malo.fr.html
74,le-servannais.fr.html
75,les-embruns-saint-malo.fr.html
76,cote-basque.fr.html
77,parc-709-bayonne.fr.html
78,city-break-miradour.fr.html
79,l-39-ame-nomade-bayonne-centre.fr.html
80,okko-hotels-bayonne-centre.fr.html
81,des-basses-pyrenees.fr.html
82,iri-etxea-appt-2-chambre-a-bayonne.fr.html
83,villa-koegui-bayonne.fr.html
84,appart-39-bellevue.fr.html
85,comfort-bayonne-biarritz.fr.html
86,le-bayonne-ha-tel.fr.html
87,chez-fleur-bayonne.fr.html
88,un-appart-en-ville-bayonne1.fr.html
89,ibis-bayonne.fr.html
90,kyriad-prestige-saint-malo-xml.fr.html
91,elizabeth.fr.html
92,ar-iniz.fr.html
93,charmant-appartement-saint-malo-saint-servan.fr.html
94,de-france-et-chateaubriand.fr.html
95,anne-de-bretagne.fr.html
96,gite-de-la-tra-c-herais.fr.html
97,malouiniere-guillaume-onffroy.fr.html
98,san-pedro.fr.html
99,plage-de-solidor-quartier-saint-servan.fr.html
100,bleumarinesaintmalo.fr.html
101,appartement-la-grassinais.fr.html
102,heol.fr.html
103,boulevard-hebert.fr.html
104,le-port-neuf.fr.html
105,bayonne-en-plein-coeur-centre-historique-2-chambres.fr.html
106,appartement-t2-bayonne-st-esprit-avec-parking.fr.html
107,loustau.fr.html
108,appartement-t2-cosy-et-calme-bayonne.fr.html
109,le-petit-nid-douillet-chez-jeje.fr.html
110,appartement-residence-neuve.fr.html
111,select-sohome-appartement-spacieux-pour-4-personnes-avec-garage-prive-et-piscine.fr.html
112,le-toulousain-appartement-calme-en-hypercentre-quartier-jeanne-d-arc.fr.html
113,loft-palais-de-justice.fr.html
114,logement-entier-hyper-centre.fr.html
115,tout-beau-tout-neuf.fr.html
116,pargaminieres-elegant-duplex-proche-du-capitole.fr.html
117,le-grand-large-biarritz.fr.html
118,la-maison-du-lierre.fr.html
119,hotelargieder.fr.html
120,studio-biarritz-2-min-halles-3-min-plages-plein-centre.fr.html
121,la-casa-cosy-biarritz.fr.html
122,studio-grand-plage-de-biarritz.fr.html
123,vue-exceptionnelle-sur-l-ocean-studio-2-4-pers.fr.html
124,biarritz-appartement-4-personnes-a-proximite-immediate-des-plages-et-des-commerc.fr.html
125,de-la-plage-biarritz.fr.html
126,cote-des-basques.fr.html
127,studio-du-phare.fr.html
128,l-39-ocean-a-perte-de-vue-la-grande-plage-a-vos-pieds.fr.html
129,palym-biarritz.fr.html
130,charmant-studio-hyper-centre-biarritz.fr.html
131,surf-hostel-biarritz.fr.html
132,hotelanjou.fr.html
133,biarritz-victoria-surf.fr.html
134,studio-les-pieds-dans-le-sable-vue-mer-amp-balcon.fr.html
135,residence-pierre-vacances-haguna.fr.html
136,amazing-cosy-studio-with-ocean-view-amp-pool.fr.html
137,home-cassis.fr.html
138,home-cassis-maison-mediterrannee.fr.html
139,villa-w.fr.html
140,mistral-gagnant-cassis.fr.html
141,80m2-a-200m-de-la-calanque-de-port-miou-2-chambres-et-parking.fr.html
142,le-nais-proche-centre-parking-wifi.fr.html
143,entre-terre-et-mer-a-cassis.fr.html
144,appartement-saint-malo-saint-malo2.fr.html
145,les-bois-flottes-saint-malo.fr.html
146,ajoncsdor.fr.html
147,appartement-neuf-et-bien-situe-avec-un-classement-saint-malo.fr.html
148,grand-appartement-cosy.fr.html
149,temporesidence-cathedrale.fr.html
150,libertitu.fr.html
151,villa-la-renaissance-bayonne.fr.html
152,cassis-4-pers-vue-mer-wifi-piscine-parking-tennis.fr.html
153,le-biou.fr.html
154,au-son-des-cigales-cassis.fr.html
155,villa-bobnell.fr.html
156,home-cassis-maison-julou.fr.html
157,le-pagnol-hyper-centre-clim.fr.html
158,magnifique-t2-residence-la-rade-vue-mer-parking.fr.html
159,le-sept-charmant-studio-aux-portes-des-calanques.fr.html
160,cassis-calanques-2-pieces-grande-terrasse-vue-mer.fr.html
161,vue-de-reve.fr.html
162,azur-cassis.fr.html
163,guest-house-olivades.fr.html
164,seaview-cassis.fr.html
165,reves-de-vie-studio-20m2-avec-terrasse-et-parking-prive.fr.html
166,splendid-studio-with-parking-lot-right-in-the-center-of-biarritz-welkeys.fr.html
167,le-cafe-de-paris-4.fr.html
168,studio-et-piscine-sur-la-grande-plage.fr.html
169,vtf-le-domaine-de-francon.fr.html
170,kemaris-biarritz.fr.html
171,la-rapia-re.fr.html
172,rooftop-vue-sur-la-cite-rvc-carcassonne1.fr.html
173,studio-avec-parking-vue-sur-la-cite-de-carcassonne-carcassonne.fr.html
174,des-trois-couronnes.fr.html
175,appartement-petit-saint-gimer.fr.html
176,chez-micka-carcassonne.fr.html
177,la-demeure-de-la-cite-by-jean-bacou.fr.html
178,les-quatre-dauphins.fr.html
179,les-augustins.fr.html
180,la-caravelle-aix-en-provence.fr.html
181,thecamp-amp-lodges.fr.html
182,paul.fr.html
183,le-clos-de-la-chartreuse.fr.html
184,hotel-aquabella.fr.html
185,good-knight.fr.html
186,les-florentines-.fr.html
187,le-rendez-vous-parking-gratuit.fr.html
188,appartement-carcassone-residence-capucins.fr.html
189,observatoire-cite-medievale.fr.html
190,le-pied-a-terre-de-trivalle.fr.html
191,jules-appartement-au-calme-dans-la-bastide-proche-citee-medieval.fr.html
192,petit-capucin.fr.html
193,new-boheme-chic-pied-de-la-cite-2.fr.html
194,inter-les-oliviers.fr.html
195,le-patio-de-la-bastide.fr.html
196,studio-pour-2-avec-terrasse-au-pied-de-la-cite-ma-pierre-a-l-edifice.fr.html
197,best-western-le-galice.fr.html
198,grand-negre-coste.fr.html
199,rotonde.fr.html
200,grand-mercure-roi-rene.fr.html
201,cezanne-aix-en-provence.fr.html
202,hotel-escaletto.fr.html
203,le-nelio.fr.html
204,domaine-de-carraire-chez-alphonse.fr.html
205,golden-tulip-aix-en-provence.fr.html
206,royal-mirabeau.fr.html
207,pierre-vacances-city-centre.fr.html
208,cardinal.fr.html
209,charmant-appartement-hypercentre-aix-en-provence.fr.html
210,studio-arene-by-k6-you.fr.html
211,zina.fr.html
212,cote-gibaou.fr.html
213,nesme-par-dodo-a-cassis.fr.html
214,chambre-independante-a-carcassonne.fr.html
215,appartement-le-joyau-de-courtejaire.fr.html
216,la-couleur-des-champs.fr.html
217,appartement-lumineux-en-centre-ville-carcassonne.fr.html
218,soleil-vacances-les-chevaliers.fr.html
219,canal-du-midi-carcassonne.fr.html
220,the-originals-residence-aix-schuman.fr.html
221,les-floridianes.fr.html
222,l-39-escapade-aixoise-nuit-romantique.fr.html
223,renaissance-aix-en-provence.fr.html
224,amandier-appart-de-charme-au-coeur-d-aix.fr.html
225,lycee-hotelier-la-rochelle.fr.html
226,apartment-la-rochelle-historic-city-centre.fr.html
227,appartements-les-rochelais.fr.html
228,ambre-appart-wifi-terrasse-parking-terrasse-2-couchages.fr.html
229,les-3-tours.fr.html
230,la-rochelle-b.fr.html
231,le-lodge-park-a-la-rochelle.fr.html
232,appart-archipel.fr.html
233,central-park-amp-spa.fr.html
234,la-rochelle-en-famille-4-personnes.fr.html
235,les-studios-du-chemins-vert.fr.html
236,chez-alma.fr.html
237,b-amp-b-la-rochelle-centre.fr.html
238,360-degres-sur-la-rochelle.fr.html
239,hotellesbrises.fr.html
240,location-la-rebelle-la-rochelle-b.fr.html
241,ponant-3-407.fr.html
242,porte-oceane-6.fr.html
243,amazing-apartment-in-la-rochelle-with-wifi.fr.html
244,studio-cosy-la-rochelle-quartier-des-minimes.fr.html
245,caporizon-presente-coeur-vieux-port-t2-a-100m-plage.fr.html
246,le-petit-caillebotis.fr.html
247,2-pieces-avec-parking-en-coeur-de-ville-appartement-lumineux-et-calme.fr.html
248,kyriad-la-rochelle-centre.fr.html
249,beautiful-flat-2-minutes-from-the-city-centre-of-la-rochelle-welkeys.fr.html
