20,paradise-eart-amp-sea.fr.html
20,grand-t1-vieux-port-salle-de-sport-amp-rooftop.fr.html
20,les-jardins-du-ga-c-na-c-ral.fr.html
20,easyhotel-marseille.fr.html
20,montgrand.fr.html
20,hermes.fr.html
20,nhow-marseille.fr.html
20,citea-marseille-prado-perier.fr.html
20,staycity-aparthotels-centre-vieux-port.fr.html
20,residence-kley-marseille-republique.fr.html
20,alize.fr.html
20,le-mistral-marseille.fr.html
20,l-39-orangeraie-et-la-palmeraie-d-39-endoume.fr.html
20,maison-vue-mer-marseille.fr.html
20,hotelkyrivieuxmarseille.fr.html
20,mouchki-marseille1.fr.html
20,marseille-castellane.fr.html
20,appartement-vieux-port-de-marseille-davso-marseille.fr.html
20,goldentulipvillamassalia.fr.html
20,le-cocon-de-louise.fr.html
20,coup-de-coeur-vieux-port-republique.fr.html
18,bord-de-mer-charmant-studio-entierement-equipe.fr.html
18,superbe-t2-4-etoiles-climatise-faviere-refait-a-neuf.fr.html
18,select-sohome-t2-proche-de-la-station-balneaire-de-la-faviere-azur-17.fr.html
18,bormes-les-mimosas-appart-25m2-avec-balcon-4p.fr.html
18,bormes-le-loft.fr.html
18,studio-alize.fr.html
18,the-little-house-bormes-les-mimosas.fr.html
18,select-sohome-t2-entierement-renove-a-quelques-pas-de-la-plage-pos07.fr.html
18,select-joli-appartement-avec-jardin-privatif-et-parking-capnat-f08.fr.html
18,appartement-pieds-dans-l-eau-vue-mer-bormes-les-mimosas.fr.html
18,les-terrasses-de-lo.fr.html
18,boulevard-du-soleil.fr.html
30,the-social-hub-toulouse.fr.html
30,odalys-city-centre-compans-caffarelli.fr.html
30,crowne-plaza-toulouse-toulouse.fr.html
30,montempo-apparthotel-toulouse-cite-internationale.fr.html
30,le-peri-douillet-appartement-en-hypercentre.fr.html
30,residence-concorde.fr.html
30,des-beaux-arts.fr.html
30,ours-blanc-wilson.fr.html
30,victor-hugo.fr.html
30,eklo-toulouse.fr.html
30,la-romance-apartment-the-heart-of-toulouse.fr.html
30,le-nid-de-la-pomme.fr.html
30,bara-superbe-t2-avec-balcon-a-patte-d-oie.fr.html
30,le-toulousain-202-appartement-cosy-en-hypercentre-quartier-jeanne-d-arc.fr.html
18,la-recampado-bormes-les-mimosas.fr.html
18,select-sohome-superbe-appartement-pour-4-personnes-a-deux-pas-de-la-plage-et-des.fr.html
18,studio-3-pers-coeur-de-village-bormes-les-mimosas.fr.html
18,studio-cosy-climatise-place-de-parking-a-la-faviere.fr.html
18,lovely-place-for-2.fr.html
18,studio-ideal-sejour-en-amoureux-rez-de-jardin-proche-plage.fr.html
18,select-t2-avec-vue-piscine-et-parking-prive-capnat-b08.fr.html
18,le-studio-tahiti-4-pers-200m-de-la-plage.fr.html
18,voir-les-photos-presentationemplacementcommentairesl-39-hote-2-pieces-35m2-borme.fr.html
18,la-lavandiere-bormes-les-mimosas.fr.html
18,les-embruns-bormes-les-mimosas.fr.html
18,face-mer-entre-plage-et-marina.fr.html
30,student-factory-toulouse-zenith.fr.html
30,le-toulousain-102-appartement-cosy-en-hypercentre-quartier-jeanne-d-arc.fr.html
30,t2-cosy-toulouse-hypercentre-metro-jaures-parking-toulouse.fr.html
30,groovy-by-yume.fr.html
30,le-toulousain-001-appartement-calme-en-rez-de-chaussee-avec-terrasse-hypercentre.fr.html
30,nid-calme-en-hypercentre-proche-metro-amp-gare.fr.html
20,les-appartements-de-babel-republique-marseille.fr.html
20,mama-shelter-marseille.fr.html
20,adira-marseille-panier.fr.html
20,amarrage-marseille.fr.html
1,t2-de-charme-a-rochebonne.fr.html
1,de-l-europe-appartements.fr.html
1,calm-and-cosy-saint-malo.fr.html
1,appartement-chaleureux-saint-malo-centre.fr.html
1,centre-saint-malo.fr.html
1,le-servannais.fr.html
1,les-embruns-saint-malo.fr.html
33,cote-basque.fr.html
33,parc-709-bayonne.fr.html
33,city-break-miradour.fr.html
33,l-39-ame-nomade-bayonne-centre.fr.html
33,okko-hotels-bayonne-centre.fr.html
33,des-basses-pyrenees.fr.html
33,iri-etxea-appt-2-chambre-a-bayonne.fr.html
33,villa-koegui-bayonne.fr.html
33,appart-39-bellevue.fr.html
33,comfort-bayonne-biarritz.fr.html
33,le-bayonne-ha-tel.fr.html
33,chez-fleur-bayonne.fr.html
33,un-appart-en-ville-bayonne1.fr.html
33,ibis-bayonne.fr.html
1,kyriad-prestige-saint-malo-xml.fr.html
1,elizabeth.fr.html
1,ar-iniz.fr.html
1,charmant-appartement-saint-malo-saint-servan.fr.html
1,de-france-et-chateaubriand.fr.html
1,anne-de-bretagne.fr.html
1,gite-de-la-tra-c-herais.fr.html
1,malouiniere-guillaume-onffroy.fr.html
1,san-pedro.fr.html
1,plage-de-solidor-quartier-saint-servan.fr.html
1,bleumarinesaintmalo.fr.html
1,appartement-la-grassinais.fr.html
1,heol.fr.html
1,boulevard-hebert.fr.html
33,le-port-neuf.fr.html
33,bayonne-en-plein-coeur-centre-historique-2-chambres.fr.html
33,appartement-t2-bayonne-st-esprit-avec-parking.fr.html
33,loustau.fr.html
33,appartement-t2-cosy-et-calme-bayonne.fr.html
33,le-petit-nid-douillet-chez-jeje.fr.html
33,appartement-residence-neuve.fr.html
18,select-sohome-appartement-spacieux-pour-4-personnes-avec-garage-prive-et-piscine.fr.html
30,le-toulousain-appartement-calme-en-hypercentre-quartier-jeanne-d-arc.fr.html
30,loft-palais-de-justice.fr.html
30,logement-entier-hyper-centre.fr.html
30,tout-beau-tout-neuf.fr.html
30,pargaminieres-elegant-duplex-proche-du-capitole.fr.html
32,le-grand-large-biarritz.fr.html
32,la-maison-du-lierre.fr.html
32,hotelargieder.fr.html
32,studio-biarritz-2-min-halles-3-min-plages-plein-centre.fr.html
32,la-casa-cosy-biarritz.fr.html
32,studio-grand-plage-de-biarritz.fr.html
32,vue-exceptionnelle-sur-l-ocean-studio-2-4-pers.fr.html
32,biarritz-appartement-4-personnes-a-proximite-immediate-des-plages-et-des-commerc.fr.html
32,de-la-plage-biarritz.fr.html
32,cote-des-basques.fr.html
32,studio-du-phare.fr.html
32,l-39-ocean-a-perte-de-vue-la-grande-plage-a-vos-pieds.fr.html
32,palym-biarritz.fr.html
32,charmant-studio-hyper-centre-biarritz.fr.html
32,surf-hostel-biarritz.fr.html
32,hotelanjou.fr.html
32,biarritz-victoria-surf.fr.html
32,studio-les-pieds-dans-le-sable-vue-mer-amp-balcon.fr.html
32,residence-pierre-vacances-haguna.fr.html
32,amazing-cosy-studio-with-ocean-view-amp-pool.fr.html
19,home-cassis.fr.html
19,home-cassis-maison-mediterrannee.fr.html
19,villa-w.fr.html
19,mistral-gagnant-cassis.fr.html
19,80m2-a-200m-de-la-calanque-de-port-miou-2-chambres-et-parking.fr.html
19,le-nais-proche-centre-parking-wifi.fr.html
19,entre-terre-et-mer-a-cassis.fr.html
1,appartement-saint-malo-saint-malo2.fr.html
1,les-bois-flottes-saint-malo.fr.html
1,ajoncsdor.fr.html
1,appartement-neuf-et-bien-situe-avec-un-classement-saint-malo.fr.html
33,grand-appartement-cosy.fr.html
33,temporesidence-cathedrale.fr.html
33,libertitu.fr.html
33,villa-la-renaissance-bayonne.fr.html
19,cassis-4-pers-vue-mer-wifi-piscine-parking-tennis.fr.html
19,le-biou.fr.html
19,au-son-des-cigales-cassis.fr.html
19,villa-bobnell.fr.html
19,home-cassis-maison-julou.fr.html
19,le-pagnol-hyper-centre-clim.fr.html
19,magnifique-t2-residence-la-rade-vue-mer-parking.fr.html
19,le-sept-charmant-studio-aux-portes-des-calanques.fr.html
19,cassis-calanques-2-pieces-grande-terrasse-vue-mer.fr.html
19,vue-de-reve.fr.html
19,azur-cassis.fr.html
19,guest-house-olivades.fr.html
19,seaview-cassis.fr.html
19,reves-de-vie-studio-20m2-avec-terrasse-et-parking-prive.fr.html
32,splendid-studio-with-parking-lot-right-in-the-center-of-biarritz-welkeys.fr.html
32,le-cafe-de-paris-4.fr.html
32,studio-et-piscine-sur-la-grande-plage.fr.html
32,vtf-le-domaine-de-francon.fr.html
32,kemaris-biarritz.fr.html
28,la-rapia-re.fr.html
28,rooftop-vue-sur-la-cite-rvc-carcassonne1.fr.html
28,studio-avec-parking-vue-sur-la-cite-de-carcassonne-carcassonne.fr.html
28,des-trois-couronnes.fr.html
28,appartement-petit-saint-gimer.fr.html
28,chez-micka-carcassonne.fr.html
28,la-demeure-de-la-cite-by-jean-bacou.fr.html
21,les-quatre-dauphins.fr.html
21,les-augustins.fr.html
21,la-caravelle-aix-en-provence.fr.html
21,thecamp-amp-lodges.fr.html
21,paul.fr.html
21,le-clos-de-la-chartreuse.fr.html
21,hotel-aquabella.fr.html
28,good-knight.fr.html
28,les-florentines-.fr.html
28,le-rendez-vous-parking-gratuit.fr.html
28,appartement-carcassone-residence-capucins.fr.html
28,observatoire-cite-medievale.fr.html
28,le-pied-a-terre-de-trivalle.fr.html
28,jules-appartement-au-calme-dans-la-bastide-proche-citee-medieval.fr.html
28,petit-capucin.fr.html
28,new-boheme-chic-pied-de-la-cite-2.fr.html
28,inter-les-oliviers.fr.html
28,le-patio-de-la-bastide.fr.html
28,studio-pour-2-avec-terrasse-au-pied-de-la-cite-ma-pierre-a-l-edifice.fr.html
21,best-western-le-galice.fr.html
21,grand-negre-coste.fr.html
21,rotonde.fr.html
21,grand-mercure-roi-rene.fr.html
21,cezanne-aix-en-provence.fr.html
21,hotel-escaletto.fr.html
21,le-nelio.fr.html
21,domaine-de-carraire-chez-alphonse.fr.html
21,golden-tulip-aix-en-provence.fr.html
21,royal-mirabeau.fr.html
21,pierre-vacances-city-centre.fr.html
21,cardinal.fr.html
21,charmant-appartement-hypercentre-aix-en-provence.fr.html
19,studio-arene-by-k6-you.fr.html
19,zina.fr.html
19,cote-gibaou.fr.html
19,nesme-par-dodo-a-cassis.fr.html
28,chambre-independante-a-carcassonne.fr.html
28,appartement-le-joyau-de-courtejaire.fr.html
28,la-couleur-des-champs.fr.html
28,appartement-lumineux-en-centre-ville-carcassonne.fr.html
28,soleil-vacances-les-chevaliers.fr.html
28,canal-du-midi-carcassonne.fr.html
21,the-originals-residence-aix-schuman.fr.html
21,les-floridianes.fr.html
21,l-39-escapade-aixoise-nuit-romantique.fr.html
21,renaissance-aix-en-provence.fr.html
21,amandier-appart-de-charme-au-coeur-d-aix.fr.html
34,lycee-hotelier-la-rochelle.fr.html
34,apartment-la-rochelle-historic-city-centre.fr.html
34,appartements-les-rochelais.fr.html
34,ambre-appart-wifi-terrasse-parking-terrasse-2-couchages.fr.html
34,les-3-tours.fr.html
34,la-rochelle-b.fr.html
34,le-lodge-park-a-la-rochelle.fr.html
34,appart-archipel.fr.html
34,central-park-amp-spa.fr.html
34,la-rochelle-en-famille-4-personnes.fr.html
34,les-studios-du-chemins-vert.fr.html
34,chez-alma.fr.html
34,b-amp-b-la-rochelle-centre.fr.html
34,360-degres-sur-la-rochelle.fr.html
34,hotellesbrises.fr.html
34,location-la-rebelle-la-rochelle-b.fr.html
34,ponant-3-407.fr.html
34,porte-oceane-6.fr.html
34,amazing-apartment-in-la-rochelle-with-wifi.fr.html
34,studio-cosy-la-rochelle-quartier-des-minimes.fr.html
34,caporizon-presente-coeur-vieux-port-t2-a-100m-plage.fr.html
34,le-petit-caillebotis.fr.html
34,2-pieces-avec-parking-en-coeur-de-ville-appartement-lumineux-et-calme.fr.html
34,kyriad-la-rochelle-centre.fr.html
34,beautiful-flat-2-minutes-from-the-city-centre-of-la-rochelle-welkeys.fr.html
